variable,coeficiente,error_estandar,t_stat
homicidios,0.011628189055953645,0.0017830459015099433,6.5215309634522045
cobertura_secundaria,0.02466623084301984,0.005931603888870522,4.158442017563096
